,,,,,,,,,,,,,,,,
,,,,,,,,,,,,,,,,
,,,,,,,,,,,,,,,,
,,,,,,,,,,,,,,,,
,Segment,Drag Force,Rolling Force,Grade Force,Total Force(N),Motor Force ,Motor Power,Time (s),Energía consumida (Wh),,,,,,,
,1,140.3773438,22.2486876,0,162.6260314,162.6260314,1817.508526,15.83996063,7.99701764,,,,,,,
,2,151.832135,22.2486876,133.4921256,307.5729482,307.5729482,3574.93268,1.384611943,1.37497069,,,Energía Consumida por vuellta,,,353.5748867,Wh
,3,163.7361338,22.2486876,44.4973752,230.4821966,230.4821966,2781.938551,1.333330019,1.030345051,,,,,,14.14127583,
,4,176.08934,22.2486876,0,198.3380276,198.3380276,2482.620892,3.85713327,2.659944344,,,,,,,
,5,188.8917538,22.2486876,44.4973752,255.6378166,255.6378166,3314.129556,1.241376225,1.142800455,,,,,,,
,6,188.8917538,22.2486876,88.9947504,300.1351918,300.1351918,3891.000647,1.241376225,1.341721026,,,,,,,
,7,188.8917538,22.2486876,177.9895008,389.1299422,389.1299422,5044.742831,1.241376225,1.73956217,,,,,,,
,8,202.143375,22.2486876,88.9947504,313.386813,313.386813,4202.893227,1.199997017,1.400960927,,,,,,,
,9,215.8442038,22.2486876,0,238.0928914,238.0928914,3299.548431,1.161287436,1.064367816,,,,,,,
,10,202.143375,22.2486876,44.4973752,268.8894378,268.8894378,3606.130028,1.199997017,1.202040355,,,,,,,
,11,163.7361338,22.2486876,0,185.9848214,185.9848214,2244.851672,1.333330019,0.831424479,,,,,,,
,12,151.832135,22.2486876,133.4921256,307.5729482,307.5729482,3574.93268,2.769223886,2.74994138,,,,,,,
,13,202.143375,22.2486876,-44.4973752,179.8946874,179.8946874,2412.603632,1.199997017,0.804199212,,,,,,,
,14,229.99424,22.2486876,-133.4921256,118.750802,118.750802,1698.763473,1.124997204,0.530862266,,,,,,,
,15,229.99424,22.2486876,-44.4973752,207.7455524,207.7455524,2971.858296,1.124997204,0.928703409,,,,,,,
,16,259.641935,22.2486876,0,281.8906226,281.8906226,4284.557054,2.117641795,2.520321414,,,,,,,
,17,291.08646,22.2486876,-88.9947504,224.3403972,224.3403972,3610.408722,4.999987573,5.014444095,,,,,,,
,18,259.641935,22.2486876,-44.4973752,237.3932474,237.3932474,3608.225429,1.058820898,1.061240135,,,,,,,
,19,324.327815,22.2486876,0,346.5765026,346.5765026,5887.475269,7.578928531,12.39465397,,,,,,,
,20,291.08646,22.2486876,0,313.3351476,313.3351476,5042.640398,0.999997515,1.400729962,,,,,,,
,21,229.99424,22.2486876,133.4921256,385.7350532,385.7350532,5518.047942,1.124997204,1.724385696,,,,,,,
,22,229.99424,22.2486876,88.9947504,341.237678,341.237678,4881.50053,1.124997204,1.525465124,,,,,,,
,23,259.641935,22.2486876,0,281.8906226,281.8906226,4284.557054,1.058820898,1.260160707,,,,,,,
,24,291.08646,22.2486876,-88.9947504,224.3403972,224.3403972,3610.408722,1.999995029,2.005777638,,,,,,,
,25,324.327815,22.2486876,0,346.5765026,346.5765026,5887.475269,13.26312493,21.69064445,,,,,,,
,26,176.08934,22.2486876,0,198.3380276,198.3380276,2482.620892,11.57139981,7.979833033,,,,,,,
,27,324.327815,22.2486876,0,346.5765026,346.5765026,5887.475269,17.05258919,27.88797143,,,,,,,
,28,176.08934,22.2486876,0,198.3380276,198.3380276,2482.620892,12.8571109,8.866481148,,,,,,,
,29,176.08934,22.2486876,0,198.3380276,198.3380276,2482.620892,11.57139981,7.979833033,,,,,,,
,30,229.99424,22.2486876,0,252.2429276,252.2429276,3608.405707,11.24997204,11.27623981,,,,,,,
,31,176.08934,22.2486876,0,198.3380276,198.3380276,2482.620892,8.999977631,6.206536804,,,,,,,
,32,324.327815,22.2486876,0,346.5765026,346.5765026,5887.475269,13.26312493,21.69064445,,,,,,,
,33,176.08934,22.2486876,0,198.3380276,198.3380276,2482.620892,8.999977631,6.206536804,,,,,,,
,34,176.08934,22.2486876,0,198.3380276,198.3380276,2482.620892,7.714266541,5.319888689,,,,,,,
,35,291.08646,22.2486876,0,313.3351476,313.3351476,5042.640398,6.999982602,9.805109736,,,,,,,
,36,259.641935,22.2486876,44.4973752,326.3879978,326.3879978,4960.888678,1.058820898,1.459081279,,,,,,,
,37,229.99424,22.2486876,88.9947504,341.237678,341.237678,4881.50053,3.374991611,4.576395373,,,,,,,
,38,151.832135,22.2486876,0,174.0808226,174.0808226,2023.348364,2.769223886,1.55641795,,,,,,,
,39,229.99424,22.2486876,44.4973752,296.7403028,296.7403028,4244.953119,1.124997204,1.326544553,,,,,,,
,40,176.08934,22.2486876,177.9895008,376.3275284,376.3275284,4710.536832,1.28571109,1.682330402,,,,,,,
,41,229.99424,22.2486876,44.4973752,296.7403028,296.7403028,4244.953119,1.124997204,1.326544553,,,,,,,
,42,259.641935,22.2486876,0,281.8906226,281.8906226,4284.557054,2.117641795,2.520321414,,,,,,,
,43,324.327815,22.2486876,0,346.5765026,346.5765026,5887.475269,8.526294597,13.94398572,,,,,,,
,44,324.327815,22.2486876,-177.9895008,168.5870018,168.5870018,2863.875065,1.894732133,1.507298919,,,,,,,
,45,324.327815,22.2486876,0,346.5765026,346.5765026,5887.475269,17.05258919,27.88797143,,,,,,,
,46,229.99424,22.2486876,133.4921256,385.7350532,385.7350532,5518.047942,1.124997204,1.724385696,,,,,,,
,47,259.641935,22.2486876,44.4973752,326.3879978,326.3879978,4960.888678,2.117641795,2.918162558,,,,,,,
,48,291.08646,22.2486876,0,313.3351476,313.3351476,5042.640398,0.999997515,1.400729962,,,,,,,
,49,176.08934,22.2486876,0,198.3380276,198.3380276,2482.620892,12.8571109,8.866481148,,,,,,,
,50,324.327815,22.2486876,0,346.5765026,346.5765026,5887.475269,0.947366066,1.549331746,,,,,,,
,51,291.08646,22.2486876,44.4973752,357.8325228,357.8325228,5758.756236,0.999997515,1.599650534,,,,,,,
,52,259.641935,22.2486876,88.9947504,370.885373,370.885373,5637.220303,3.176462693,4.974005552,,,,,,,
,53,291.08646,22.2486876,0,313.3351476,313.3351476,5042.640398,0.999997515,1.400729962,,,,,,,
,54,324.327815,22.2486876,-133.4921256,213.084377,213.084377,3619.775116,1.894732133,1.905140063,,,,,,,
,55,324.327815,22.2486876,-88.9947504,257.5817522,257.5817522,4375.675167,0.947366066,1.151490603,,,,,,,
,56,259.641935,22.2486876,0,281.8906226,281.8906226,4284.557054,1.058820898,1.260160707,,,,,,,
,57,275.1395938,22.2486876,88.9947504,386.3830318,386.3830318,6045.503468,1.028568872,1.727282412,,,,,,,
,58,259.641935,22.2486876,0,281.8906226,281.8906226,4284.557054,8.470567182,10.08128566,,,,,,,
,59,229.99424,22.2486876,88.9947504,341.237678,341.237678,4881.50053,1.124997204,1.525465124,,,,,,,
,60,215.8442038,22.2486876,-44.4973752,193.5955162,193.5955162,2682.893126,1.161287436,0.865447244,,,,,,,
,61,229.99424,22.2486876,0,252.2429276,252.2429276,3608.405707,16.87495806,16.91435971,,,,,,,
,62,244.5934838,22.2486876,44.4973752,311.3395466,311.3395466,4592.980619,1.090906379,1.39180885,,,,,,,
,63,259.641935,22.2486876,177.9895008,459.8801234,459.8801234,6989.883552,1.058820898,2.055842994,,,,,,,
,64,275.1395938,22.2486876,0,297.3882814,297.3882814,4653.056005,2.057137744,2.658882537,,,,,,,
,65,259.641935,22.2486876,-133.4921256,148.398497,148.398497,2255.562179,3.176462693,1.990196976,,,,,,,
,66,229.99424,22.2486876,0,252.2429276,252.2429276,3608.405707,16.87495806,16.91435971,,,,,,,
,67,215.8442038,22.2486876,-133.4921256,104.6007658,104.6007658,1449.582516,1.161287436,0.467606101,,,,,,,
,68,202.143375,22.2486876,-44.4973752,179.8946874,179.8946874,2412.603632,2.399994035,1.608398423,,,,,,,
,69,176.08934,22.2486876,44.4973752,242.8354028,242.8354028,3039.599877,1.28571109,1.085568687,,,,,,,
,70,151.832135,22.2486876,88.9947504,263.075573,263.075573,3057.737908,5.538447773,4.704200474,,,,,,,
,71,140.3773438,22.2486876,-88.9947504,73.63128095,73.63128095,822.9031959,1.439996421,0.32916046,,,,,,,
,72,108.708215,22.2486876,-44.4973752,86.4595274,86.4595274,850.3190768,3.272719138,0.773015421,,,,,,,
,73,99.05025375,22.2486876,133.4921256,254.791067,254.791067,2391.93777,1.714281453,1.139015155,,,,,,,
,74,89.8415,22.2486876,44.4973752,156.5875628,156.5875628,1400.018081,1.799995526,0.700007301,,,,,,,
,75,81.08195375,22.2486876,-44.4973752,58.83326615,58.83326615,499.7156427,5.684196398,0.789022738,,,,,,,
,76,89.8415,22.2486876,0,112.0901876,112.0901876,1002.175949,1.799995526,0.501086729,,,,,,,
,77,108.708215,22.2486876,88.9947504,219.951653,219.951653,2163.198113,1.636359569,0.983269426,,,,,,,
,78,118.8153838,22.2486876,0,141.0640714,141.0640714,1450.409496,1.565213501,0.630611257,,,,,,,
,79,129.37176,22.2486876,-88.9947504,62.6256972,62.6256972,671.9086002,1.499996272,0.279961221,,,,,,,
,80,118.8153838,22.2486876,0,141.0640714,141.0640714,1450.409496,15.65213501,6.306112572,,,,,,,
