Segment,Type,Turn (deg),Distance (mi),Acummulated,Grade (%),Expected Velocity (mph),Irradiance (W/m²),,Distance (m),Velocity (m/s),Time (s),Drag Force,Rolling Force,Grade Force,Total Force(N),Motor Force ,Motor Power,Energía consumida (Wh)
1,Recta,,0.11,0.11,0,25,800,,177.0274,11.176,15.83996063,28.0536768,22.2486876,0,50.3023644,50.3023644,562.1792245,2.47358244
2,,,0.01,0.12,0.03,26,800,,16.0934,11.62304,1.384611943,30.34285682,22.2486876,133.4921256,186.08367,186.08367,2162.85794,0.831866371
3,,,0.01,0.13,0.01,27,800,,16.0934,12.07008,1.333330019,32.72180861,22.2486876,44.4973752,99.46787141,99.46787141,1200.585165,0.444660067
4,,,0.03,0.16,0,28,800,,48.2802,12.51712,3.85713327,35.19053217,22.2486876,0,57.43921977,57.43921977,718.9736066,0.77032695
5,,,0.01,0.17,0.01,29,800,,16.0934,12.96416,1.241376225,37.7490275,22.2486876,44.4973752,104.4950903,104.4950903,1354.69107,0.467133691
6,,,0.01,0.18,0.02,29,800,,16.0934,12.96416,1.241376225,37.7490275,22.2486876,88.9947504,148.9924655,148.9924655,1931.562161,0.666054262
7,,,0.01,0.19,0.04,29,800,,16.0934,12.96416,1.241376225,37.7490275,22.2486876,177.9895008,237.9872159,237.9872159,3085.304345,1.063895406
8,,,0.01,0.2,0.02,30,800,,16.0934,13.4112,1.199997017,40.39729459,22.2486876,88.9947504,151.6407326,151.6407326,2033.684193,0.677893046
9,,,0.01,0.21,0,31,800,,16.0934,13.85824,1.161287436,43.13533344,22.2486876,0,65.38402104,65.38402104,906.1074558,0.292292001
10,,,0.01,0.22,0.01,30,800,,16.0934,13.4112,1.199997017,40.39729459,22.2486876,44.4973752,107.1433574,107.1433574,1436.920995,0.478972474
11,,,0.01,0.23,0,27,800,,16.0934,12.07008,1.333330019,32.72180861,22.2486876,0,54.97049621,54.97049621,663.4982869,0.245739495
12,Curva #1,-60,0.02,0.25,0.03,26,800,,32.1868,11.62304,2.769223886,30.34285682,22.2486876,133.4921256,186.08367,186.08367,2162.85794,1.663732742
13,,,0.01,0.26,-0.01,30,800,,16.0934,13.4112,1.199997017,40.39729459,22.2486876,-44.4973752,18.14860699,18.14860699,243.394598,0.081131331
14,,,0.01,0.27,-0.03,32,800,,16.0934,14.30528,1.124997204,45.96314406,22.2486876,-133.4921256,-65.28029394,0,0,0
15,,,0.01,0.28,-0.01,32,800,,16.0934,14.30528,1.124997204,45.96314406,22.2486876,-44.4973752,23.71445646,23.71445646,339.2419397,0.106012843
16,,,0.02,0.3,0,34,800,,32.1868,15.19936,2.117641795,51.8880806,22.2486876,0,74.1367682,74.1367682,1126.831429,0.66284037
17,,,0.05,0.35,-0.02,36,800,,80.467,16.09344,4.999987573,58.1721042,22.2486876,-88.9947504,-8.573958596,0,0,0
18,,,0.01,0.36,-0.01,34,800,,16.0934,15.19936,1.058820898,51.8880806,22.2486876,-44.4973752,29.639393,29.639393,450.4998044,0.132499613
19,,,0.08,0.44,0,38,800,,128.7472,16.98752,7.578928531,64.81521487,22.2486876,0,87.06390247,87.06390247,1478.999784,3.113676018
20,Recta,,0.01,0.45,0,36,800,,16.0934,16.09344,0.999997515,58.1721042,22.2486876,0,80.4207918,80.4207918,1294.247188,0.359512214
21,,,0.01,0.46,0.03,32,800,,16.0934,14.30528,1.124997204,45.96314406,22.2486876,133.4921256,201.7039573,201.7039573,2885.431586,0.901695129
22,,,0.01,0.47,0.02,32,800,,16.0934,14.30528,1.124997204,45.96314406,22.2486876,88.9947504,157.2065821,157.2065821,2248.884174,0.702774558
23,,,0.01,0.48,0,34,800,,16.0934,15.19936,1.058820898,51.8880806,22.2486876,0,74.1367682,74.1367682,1126.831429,0.331420185
24,,,0.02,0.5,-0.02,36,800,,32.1868,16.09344,1.999995029,58.1721042,22.2486876,-88.9947504,-8.573958596,0,0,0
25,,,0.14,0.64,0,38,800,,225.3076,16.98752,13.26312493,64.81521487,22.2486876,0,87.06390247,87.06390247,1478.999784,5.448933031
26,Curva #2,-80,0.09,0.73,0,28,800,,144.8406,12.51712,11.57139981,35.19053217,22.2486876,0,57.43921977,57.43921977,718.9736066,2.310980849
27,Recta,,0.18,0.91,0,38,800,,289.6812,16.98752,17.05258919,64.81521487,22.2486876,0,87.06390247,87.06390247,1478.999784,7.00577104
28,Curva #3,130,0.1,1.01,0,28,800,,160.934,12.51712,12.8571109,35.19053217,22.2486876,0,57.43921977,57.43921977,718.9736066,2.567756499
29,Curva #4,100,0.09,1.1,0,28,800,,144.8406,12.51712,11.57139981,35.19053217,22.2486876,0,57.43921977,57.43921977,718.9736066,2.310980849
30,Recta Pequeña,,0.1,1.2,0,32,800,,160.934,14.30528,11.24997204,45.96314406,22.2486876,0,68.21183166,68.21183166,975.7893512,3.049334144
31,Curva #5,-90,0.07,1.27,0,28,800,,112.6538,12.51712,8.999977631,35.19053217,22.2486876,0,57.43921977,57.43921977,718.9736066,1.797429549
32,Recta,,0.14,1.41,0,38,800,,225.3076,16.98752,13.26312493,64.81521487,22.2486876,0,87.06390247,87.06390247,1478.999784,5.448933031
33,Curva #6,90,0.07,1.48,0,28,800,,112.6538,12.51712,8.999977631,35.19053217,22.2486876,0,57.43921977,57.43921977,718.9736066,1.797429549
34,Curva #7,45,0.06,1.54,0,28,800,,96.5604,12.51712,7.714266541,35.19053217,22.2486876,0,57.43921977,57.43921977,718.9736066,1.540653899
35,Recta,,0.07,1.61,0,36,800,,112.6538,16.09344,6.999982602,58.1721042,22.2486876,0,80.4207918,80.4207918,1294.247188,2.516585499
36,,,0.01,1.62,0.01,34,800,,16.0934,15.19936,1.058820898,51.8880806,22.2486876,44.4973752,118.6341434,118.6341434,1803.163054,0.530340757
37,,,0.03,1.65,0.02,32,800,,48.2802,14.30528,3.374991611,45.96314406,22.2486876,88.9947504,157.2065821,157.2065821,2248.884174,2.108323673
38,Curva #8,-75,0.02,1.67,0,26,800,,32.1868,11.62304,2.769223886,30.34285682,22.2486876,0,52.59154442,52.59154442,611.2736245,0.470209312
39,,,0.01,1.68,0.01,32,800,,16.0934,14.30528,1.124997204,45.96314406,22.2486876,44.4973752,112.7092069,112.7092069,1612.336763,0.503853986
40,,,0.01,1.69,0.04,28,800,,16.0934,12.51712,1.28571109,35.19053217,22.2486876,177.9895008,235.4287206,235.4287206,2946.889547,1.052457937
41,,,0.01,1.7,0.01,32,800,,16.0934,14.30528,1.124997204,45.96314406,22.2486876,44.4973752,112.7092069,112.7092069,1612.336763,0.503853986
42,,,0.02,1.72,0,34,800,,32.1868,15.19936,2.117641795,51.8880806,22.2486876,0,74.1367682,74.1367682,1126.831429,0.66284037
43,Recta,,0.09,1.81,0,38,800,,144.8406,16.98752,8.526294597,64.81521487,22.2486876,0,87.06390247,87.06390247,1478.999784,3.50288552
44,,,0.02,1.83,-0.04,38,800,,32.1868,16.98752,1.894732133,64.81521487,22.2486876,-177.9895008,-90.92559833,0,0,0
45,,,0.18,2.01,0,38,800,,289.6812,16.98752,17.05258919,64.81521487,22.2486876,0,87.06390247,87.06390247,1478.999784,7.00577104
46,,,0.01,2.02,0.03,32,800,,16.0934,14.30528,1.124997204,45.96314406,22.2486876,133.4921256,201.7039573,201.7039573,2885.431586,0.901695129
47,,,0.02,2.04,0.01,34,800,,32.1868,15.19936,2.117641795,51.8880806,22.2486876,44.4973752,118.6341434,118.6341434,1803.163054,1.060681513
48,,,0.01,2.05,0,36,800,,16.0934,16.09344,0.999997515,58.1721042,22.2486876,0,80.4207918,80.4207918,1294.247188,0.359512214
49,Curva #9,-60,0.1,2.15,0,28,800,,160.934,12.51712,12.8571109,35.19053217,22.2486876,0,57.43921977,57.43921977,718.9736066,2.567756499
50,Recta Larga,,0.01,2.16,0,38,800,,16.0934,16.98752,0.947366066,64.81521487,22.2486876,0,87.06390247,87.06390247,1478.999784,0.389209502
51,,,0.01,2.17,0.01,36,800,,16.0934,16.09344,0.999997515,58.1721042,22.2486876,44.4973752,124.918167,124.918167,2010.363026,0.558432786
52,,,0.03,2.2,0.02,34,800,,48.2802,15.19936,3.176462693,51.8880806,22.2486876,88.9947504,163.1315186,163.1315186,2479.494679,2.187783985
53,,,0.01,2.21,0,36,800,,16.0934,16.09344,0.999997515,58.1721042,22.2486876,0,80.4207918,80.4207918,1294.247188,0.359512214
54,,,0.02,2.23,-0.03,38,800,,32.1868,16.98752,1.894732133,64.81521487,22.2486876,-133.4921256,-46.42822313,0,0,0
55,,,0.01,2.24,-0.02,38,800,,16.0934,16.98752,0.947366066,64.81521487,22.2486876,-88.9947504,-1.930847931,0,0,0
56,,,0.01,2.25,0,34,800,,16.0934,15.19936,1.058820898,51.8880806,22.2486876,0,74.1367682,74.1367682,1126.831429,0.331420185
57,,,0.01,2.26,0.02,35,800,,16.0934,15.6464,1.028568872,54.98520652,22.2486876,88.9947504,166.2286445,166.2286445,2600.879864,0.743106685
58,,,0.08,2.34,0,34,800,,128.7472,15.19936,8.470567182,51.8880806,22.2486876,0,74.1367682,74.1367682,1126.831429,2.651361479
59,,,0.01,2.35,0.02,32,800,,16.0934,14.30528,1.124997204,45.96314406,22.2486876,88.9947504,157.2065821,157.2065821,2248.884174,0.702774558
60,,,0.01,2.36,-0.01,31,800,,16.0934,13.85824,1.161287436,43.13533344,22.2486876,-44.4973752,20.88664584,20.88664584,289.4521509,0.093371429
61,,,0.15,2.51,0,32,800,,241.401,14.30528,16.87495806,45.96314406,22.2486876,0,68.21183166,68.21183166,975.7893512,4.574001215
62,,,0.01,2.52,0.01,33,800,,16.0934,14.75232,1.090906379,48.88072645,22.2486876,44.4973752,115.6267892,115.6267892,1705.763396,0.516896714
63,,,0.01,2.53,0.04,34,800,,16.0934,15.19936,1.058820898,51.8880806,22.2486876,177.9895008,252.126269,252.126269,3832.157928,1.127102472
64,,,0.02,2.55,0,35,800,,32.1868,15.6464,2.057137744,54.98520652,22.2486876,0,77.23389412,77.23389412,1208.432401,0.690531084
65,,,0.03,2.58,-0.03,34,800,,48.2802,15.19936,3.176462693,51.8880806,22.2486876,-133.4921256,-59.3553574,0,0,0
66,,,0.15,2.73,0,32,800,,241.401,14.30528,16.87495806,45.96314406,22.2486876,0,68.21183166,68.21183166,975.7893512,4.574001215
67,,,0.01,2.74,-0.03,31,800,,16.0934,13.85824,1.161287436,43.13533344,22.2486876,-133.4921256,-68.10810456,0,0,0
68,,,0.02,2.76,-0.01,30,800,,32.1868,13.4112,2.399994035,40.39729459,22.2486876,-44.4973752,18.14860699,18.14860699,243.394598,0.162262662
69,,,0.01,2.77,0.01,28,800,,16.0934,12.51712,1.28571109,35.19053217,22.2486876,44.4973752,101.936595,101.936595,1275.952592,0.455696222
70,,,0.04,2.81,0.02,26,800,,64.3736,11.62304,5.538447773,30.34285682,22.2486876,88.9947504,141.5862948,141.5862948,1645.663168,2.531783197
71,,,0.01,2.82,-0.02,25,800,,16.0934,11.176,1.439996421,28.0536768,22.2486876,-88.9947504,-38.692386,0,0,0
72,,,0.02,2.84,-0.01,22,800,,32.1868,9.83488,3.272719138,21.72476731,22.2486876,-44.4973752,-0.523920289,0,0,0
73,,,0.01,2.85,0.03,21,800,,16.0934,9.38784,1.714281453,19.79467435,22.2486876,133.4921256,175.5354875,175.5354875,1647.899071,0.784711893
74,,,0.01,2.86,0.01,20,800,,16.0934,8.9408,1.799995526,17.95435315,22.2486876,44.4973752,84.70041595,84.70041595,757.2894789,0.378643798
75,Curva #10,-120,0.03,2.89,-0.01,19,800,,48.2802,8.49376,5.684196398,16.20380372,22.2486876,-44.4973752,-6.044883883,0,0,0
76,,,0.01,2.9,0,20,800,,16.0934,8.9408,1.799995526,17.95435315,22.2486876,0,40.20304075,40.20304075,359.4473467,0.179723227
77,,,0.01,2.91,0.02,22,800,,16.0934,9.83488,1.636359569,21.72476731,22.2486876,88.9947504,132.9682053,132.9682053,1307.726343,0.594419588
78,,,0.01,2.92,0,23,800,,16.0934,10.28192,1.565213501,23.74463204,22.2486876,0,45.99331964,45.99331964,472.8996331,0.205608025
79,,,0.01,2.93,-0.02,24,800,,16.0934,10.72896,1.499996272,25.85426853,22.2486876,-88.9947504,-40.89179427,0,0,0
80,,,0.1,3.03,0,23,800,,160.934,10.28192,15.65213501,23.74463204,22.2486876,0,45.99331964,45.99331964,472.8996331,2.056080251