,,,,,,,,,,,,,,
,,,,,,,,,,,,,,
,,,,,,,,,,,,,,
,,,,,,,,,,,,,,
,,Segment,Motor Energy,Solar Energy,Delta Energy,Battery Level,Battery %,,,,Drainage from battery per lap,,-238.7049938,Wh
,,1,7.99701764,5.203374267,-2.793643372,5397.206357,99.9%,,,,Battery % After one lap,,95.6%,
,,2,1.37497069,0.454840408,-0.920130282,5396.286226,99.9%,,,,,,,
,,3,1.030345051,0.437994467,-0.592350584,5395.693876,99.9%,,,,,,,
,,4,2.659944344,1.267055422,-1.392888922,5394.300987,99.9%,,,,,,,
,,5,1.142800455,0.407787952,-0.735012503,5393.565974,99.9%,,,,,,,
,,6,1.341721026,0.407787952,-0.933933074,5392.632041,99.9%,,,,,,,
,,7,1.73956217,0.407787952,-1.331774218,5391.300267,99.8%,,,,,,,
,,8,1.400960927,0.39419502,-1.006765907,5390.293501,99.8%,,,,,,,
,,9,1.064367816,0.381479052,-0.682888764,5389.610612,99.8%,,,,,,,
,,10,1.202040355,0.39419502,-0.807845335,5388.802767,99.8%,,,,,,,
,,11,0.831424479,0.437994467,-0.393430012,5388.409337,99.8%,,,,,,,
,,12,2.74994138,0.909680816,-1.840260564,5386.569076,99.8%,,,,,,,
,,13,0.804199212,0.39419502,-0.410004191,5386.159072,99.7%,,,,,,,
,,14,0.530862266,0.369557831,-0.161304434,5385.997768,99.7%,,,,,,,
,,15,0.928703409,0.369557831,-0.559145578,5385.438622,99.7%,,,,,,,
,,16,2.520321414,0.695638271,-1.824683143,5383.613939,99.7%,,,,,,,
,,17,5.014444095,1.642479251,-3.371964844,5380.241974,99.6%,,,,,,,
,,18,1.061240135,0.347819135,-0.713421,5379.528553,99.6%,,,,,,,
,,19,12.39465397,2.489652759,-9.905001212,5369.623552,99.4%,,,,,,,
,,20,1.400729962,0.32849585,-1.072234112,5368.551318,99.4%,,,,,,,
,,21,1.724385696,0.369557831,-1.354827864,5367.19649,99.4%,,,,,,,
,,22,1.525465124,0.369557831,-1.155907293,5366.040583,99.4%,,,,,,,
,,23,1.260160707,0.347819135,-0.912341572,5365.128241,99.4%,,,,,,,
,,24,2.005777638,0.6569917,-1.348785938,5363.779455,99.3%,,,,,,,
,,25,21.69064445,4.356892329,-17.33375212,5346.445703,99.0%,,,,,,,
,,26,7.979833033,3.801166267,-4.178666767,5342.267036,98.9%,,,,,,,
,,27,27.88797143,5.601718709,-22.28625273,5319.980784,98.5%,,,,,,,
,,28,8.866481148,4.223518074,-4.642963074,5315.337821,98.4%,,,,,,,
,,29,7.979833033,3.801166267,-4.178666767,5311.159154,98.4%,,,,,,,
,,30,11.27623981,3.695578315,-7.580661494,5303.578492,98.2%,,,,,,,
,,31,6.206536804,2.956462652,-3.250074152,5300.328418,98.2%,,,,,,,
,,32,21.69064445,4.356892329,-17.33375212,5282.994666,97.8%,,,,,,,
,,33,6.206536804,2.956462652,-3.250074152,5279.744592,97.8%,,,,,,,
,,34,5.319888689,2.534110844,-2.785777845,5276.958814,97.7%,,,,,,,
,,35,9.805109736,2.299470951,-7.505638785,5269.453175,97.6%,,,,,,,
,,36,1.459081279,0.347819135,-1.111262143,5268.341913,97.6%,,,,,,,
,,37,4.576395373,1.108673494,-3.467721878,5264.874191,97.5%,,,,,,,
,,38,1.55641795,0.909680816,-0.646737134,5264.227454,97.5%,,,,,,,
,,39,1.326544553,0.369557831,-0.956986721,5263.270467,97.5%,,,,,,,
,,40,1.682330402,0.422351807,-1.259978594,5262.010489,97.4%,,,,,,,
,,41,1.326544553,0.369557831,-0.956986721,5261.053502,97.4%,,,,,,,
,,42,2.520321414,0.695638271,-1.824683143,5259.228819,97.4%,,,,,,,
,,43,13.94398572,2.800859354,-11.14312636,5248.085693,97.2%,,,,,,,
,,44,1.507298919,0.62241319,-0.884885729,5247.200807,97.2%,,,,,,,
,,45,27.88797143,5.601718709,-22.28625273,5224.914554,96.8%,,,,,,,
,,46,1.724385696,0.369557831,-1.354827864,5223.559726,96.7%,,,,,,,
,,47,2.918162558,0.695638271,-2.222524287,5221.337202,96.7%,,,,,,,
,,48,1.400729962,0.32849585,-1.072234112,5220.264968,96.7%,,,,,,,
,,49,8.866481148,4.223518074,-4.642963074,5215.622005,96.6%,,,,,,,
,,50,1.549331746,0.311206595,-1.238125151,5214.38388,96.6%,,,,,,,
,,51,1.599650534,0.32849585,-1.271154684,5213.112725,96.5%,,,,,,,
,,52,4.974005552,1.043457406,-3.930548145,5209.182177,96.5%,,,,,,,
,,53,1.400729962,0.32849585,-1.072234112,5208.109943,96.4%,,,,,,,
,,54,1.905140063,0.62241319,-1.282726873,5206.827216,96.4%,,,,,,,
,,55,1.151490603,0.311206595,-0.840284008,5205.986932,96.4%,,,,,,,
,,56,1.260160707,0.347819135,-0.912341572,5205.07459,96.4%,,,,,,,
,,57,1.727282412,0.337881446,-1.389400966,5203.685189,96.4%,,,,,,,
,,58,10.08128566,2.782553084,-7.298732573,5196.386457,96.2%,,,,,,,
,,59,1.525465124,0.369557831,-1.155907293,5195.230549,96.2%,,,,,,,
,,60,0.865447244,0.381479052,-0.483968192,5194.746581,96.2%,,,,,,,
,,61,16.91435971,5.543367472,-11.37099224,5183.375589,96.0%,,,,,,,
,,62,1.39180885,0.358359109,-1.03344974,5182.342139,96.0%,,,,,,,
,,63,2.055842994,0.347819135,-1.708023858,5180.634115,95.9%,,,,,,,
,,64,2.658882537,0.675762892,-1.983119645,5178.650996,95.9%,,,,,,,
,,65,1.990196976,1.043457406,-0.94673957,5177.704256,95.9%,,,,,,,
,,66,16.91435971,5.543367472,-11.37099224,5166.333264,95.7%,,,,,,,
,,67,0.467606101,0.381479052,-0.086127049,5166.247137,95.7%,,,,,,,
,,68,1.608398423,0.78839004,-0.820008383,5165.427128,95.7%,,,,,,,
,,69,1.085568687,0.422351807,-0.663216879,5164.763912,95.6%,,,,,,,
,,70,4.704200474,1.819361632,-2.884838842,5161.879073,95.6%,,,,,,,
,,71,0.32916046,0.473034024,0.143873564,5162.022946,95.6%,,,,,,,
,,72,0.773015421,1.075077328,0.302061907,5162.325008,95.6%,,,,,,,
,,73,1.139015155,0.563135743,-0.575879411,5161.749129,95.6%,,,,,,,
,,74,0.700007301,0.59129253,-0.108714771,5161.640414,95.6%,,,,,,,
,,75,0.789022738,1.86723957,1.078216832,5162.718631,95.6%,,,,,,,
,,76,0.501086729,0.59129253,0.090205801,5162.808837,95.6%,,,,,,,
,,77,0.983269426,0.537538664,-0.445730762,5162.363106,95.6%,,,,,,,
,,78,0.630611257,0.514167418,-0.116443839,5162.246662,95.6%,,,,,,,
,,79,0.279961221,0.492743775,0.212782554,5162.459445,95.6%,,,,,,,
,,80,6.306112572,5.141674177,-1.164438395,5161.295006,95.6%,,,,,,,
